dataset,resource,x,m,mode,linear_min_eig,linear_max_eig,projection_frobenius,projected_min_eig,linear_trace_real,fidelity_linear,fidelity_projected,delta_fidelity,coherence_linear_real,coherence_linear_imag,coherence_linear_abs,coherence_projected_real,coherence_projected_imag,coherence_projected_abs,delta_coherence_abs,delta_coherence_complex_abs,logical_input
state,canonical,0.0,0.0,raw,0.013446605910229774,0.9009463103970119,3.925791717086805e-16,0.01344660591022978,1.0,0.8925002554592595,0.8925002554592596,1.1102230246251565e-16,0.2437744140625,-0.2952880859375,0.3829112412141325,0.2437744140625001,-0.2952880859375001,0.38291124121413267,1.6653345369377348e-16,1.5700924586837752e-16,
state,canonical,0.0,0.0,recovered,0.012877859778710133,0.9101983516727048,4.601078107339027e-16,0.012877859778710164,1.0,0.901289643903968,0.9012896439039679,-1.1102230246251565e-16,0.2584228515625,-0.2989501953125,0.39516273797902024,0.2584228515624999,-0.2989501953124999,0.3951627379790201,-1.6653345369377348e-16,1.5700924586837752e-16,
state,canonical,1.0,0.0,raw,0.0007710161818241705,0.8987985803029643,8.8505414939729e-16,0.0007710161818242098,1.0,0.8878526648884679,0.8878526648884673,-6.661338147750939e-16,0.012451171875,-0.0125732421875,0.017695143406209535,0.012451171875000071,-0.012573242187500064,0.017695143406209632,9.71445146547012e-17,9.580323528576904e-17,
state,canonical,1.0,0.0,recovered,0.017339216341883033,0.8915212932952763,1.7485381250777225e-16,0.017339216341883026,1.0,0.8800138357393033,0.8800138357393031,-1.1102230246251565e-16,0.265625,-0.285888671875,0.3902421982967134,0.265625,-0.28588867187499994,0.3902421982967134,0.0,5.551115123125783e-17,
state,canonical,0.0,1.0,raw,0.023470961185022718,0.8747389066453781,3.6994071208549927e-16,0.023470961185022524,1.0,0.863134190493587,0.863134190493587,0.0,0.2601318359375,0.276611328125,0.37971357483673246,0.26013183593749994,0.276611328125,0.37971357483673246,0.0,5.551115123125783e-17,
state,canonical,0.0,1.0,recovered,0.022535677796720208,0.8795550241457666,2.6100599496910895e-16,0.02253567779672027,1.0,0.8667294590474415,0.8667294590474415,0.0,0.2552490234375,-0.279541015625,0.37854358187988596,0.2552490234375001,-0.279541015625,0.378543581879886,5.551115123125783e-17,1.1102230246251565e-16,
state,canonical,1.0,1.0,raw,0.01706887017933983,0.8969346702150858,9.951143851059782e-16,0.01706887017934007,1.0,0.8884445005697228,0.8884445005697219,-8.881784197001252e-16,0.0191650390625,0.00732421875,0.020516893102148836,0.019165039062500014,0.007324218750000003,0.02051689310214885,1.3877787807814457e-17,1.411962612463446e-17,
state,canonical,1.0,1.0,recovered,0.010874493182982767,0.9087685471975285,4.690546055820143e-16,0.010874493182982694,1.0,0.895908686815251,0.8959086868152516,5.551115123125783e-16,0.263671875,-0.2908935546875,0.39260911581972363,0.2636718750000001,-0.29089355468750017,0.39260911581972385,2.220446049250313e-16,2.0014830212433605e-16,
state,noncanonical,0.0,0.0,raw,0.007257040565846935,0.924883112135194,4.3939898459063635e-16,0.007257040565846985,1.0,0.9174882080612253,0.9174882080612251,-2.220446049250313e-16,-0.0042724609375,0.0042724609375,0.006042172202521769,-0.004272460937499994,0.0042724609374999965,0.006042172202521762,-6.938893903907228e-18,6.992893892674703e-18,
state,noncanonical,0.0,0.0,recovered,0.014618598930616237,0.9302184932813033,3.473748567885407e-16,0.01461859893061622,1.0,0.9210405014804419,0.9210405014804419,0.0,0.26708984375,-0.30810546875,0.40775723722339574,0.26708984375,-0.3081054687500001,0.40775723722339585,1.1102230246251565e-16,1.1102230246251565e-16,
state,noncanonical,1.0,0.0,raw,0.012276054436278369,0.9102658826541457,3.4035964237096655e-16,0.012276054436278367,1.0,0.9010875780245498,0.9010875780245501,3.3306690738754696e-16,-0.2625732421875,-0.30224609375,0.4003715882776765,-0.2625732421875001,-0.30224609375000006,0.4003715882776766,1.1102230246251565e-16,1.2412670766236366e-16,
state,noncanonical,1.0,0.0,recovered,0.01933212854219779,0.9074309465736048,2.999366487471157e-16,0.019332128542197756,1.0,0.8979938265870131,0.8979938265870131,0.0,0.260986328125,-0.298095703125,0.39620059526678947,0.260986328125,-0.29809570312500006,0.39620059526678947,0.0,5.551115123125783e-17,
state,noncanonical,0.0,1.0,raw,0.02176955137595263,0.9078601071331737,3.862419376748065e-16,0.021769551375952562,1.0,0.8944856339293937,0.8944856339293935,-2.220446049250313e-16,0.0048828125,0.0040283203125,0.00633002546995321,0.0048828125000000226,0.004028320312500016,0.0063300254699532365,2.688821387764051e-17,2.7428386473255476e-17,
state,noncanonical,0.0,1.0,recovered,0.010990160603519648,0.912428106193135,1.6652215953816345e-16,0.010990160603519624,1.0,0.901498775113402,0.9014987751134019,-1.1102230246251565e-16,0.267333984375,-0.2886962890625,0.39346284007549087,0.267333984375,-0.2886962890624999,0.39346284007549076,-1.1102230246251565e-16,1.1102230246251565e-16,
state,noncanonical,1.0,1.0,raw,0.01125695471726785,0.937524844842934,4.1251702830000405e-16,0.011256954717267797,0.9999999999999999,0.9256605139696652,0.9256605139696655,3.3306690738754696e-16,-0.2750244140625,0.2978515625,0.40540594669308055,-0.2750244140625001,0.2978515625000001,0.40540594669308067,1.1102230246251565e-16,1.5700924586837752e-16,
state,noncanonical,1.0,1.0,recovered,0.009213144723670548,0.9344820431776664,2.313115288656233e-16,0.009213144723670597,0.9999999999999999,0.9237720821344463,0.9237720821344464,1.1102230246251565e-16,0.272705078125,-0.301025390625,0.40618265033860834,0.27270507812500006,-0.3010253906250001,0.4061826503386085,1.6653345369377348e-16,1.2412670766236366e-16,
process_probe,canonical,,,,0.011356418363781989,0.9041069070179477,3.422103438005051e-16,0.01135641836378202,1.0,0.9015706380208333,0.9015706380208329,-3.3306690738754696e-16,0.004638671875,0.003662109375,0.005910018768022561,0.004638671874999998,0.0036621093749999983,0.005910018768022558,-2.6020852139652106e-18,2.4532694666933987e-18,zero
process_probe,canonical,,,,0.021407512023805413,0.8687243950287531,4.2505872735654464e-16,0.02140751202380543,1.0,0.868408203125,0.8684082031249999,-1.1102230246251565e-16,0.0042724609375,0.013916015625,0.014557108687431977,0.004272460937500001,0.013916015625,0.014557108687431977,0.0,8.673617379884035e-19,one
process_probe,canonical,,,,0.016432179584156464,0.873060905010695,9.223553024764856e-16,0.016432179584156537,1.0,0.8592529296874998,0.8592529296874991,-6.661338147750939e-16,0.40576171875,0.09619140625,0.417007624677663,0.40576171874999967,0.09619140624999992,0.41700762467766267,-3.3306690738754696e-16,3.433175098891678e-16,plus
process_probe,canonical,,,,0.012604677087483977,0.8793284080868575,3.839666749088822e-16,0.012604677087484136,1.0,0.8686523437499998,0.8686523437499996,-2.220446049250313e-16,0.09033203125,-0.416748046875,0.42642562123291583,0.09033203124999996,-0.4167480468749998,0.42642562123291555,-2.7755575615628914e-16,2.2591401799415137e-16,plus_i
process_probe,noncanonical,,,,0.005728114740484648,0.9455993711487266,4.501653965930075e-16,0.005728114740484649,1.0,0.9438069661458334,0.9438069661458338,4.440892098500626e-16,0.0003662109375,-0.003662109375,0.003680374372969076,0.00036621093750000016,-0.0036621093750000043,0.0036803743729690802,4.336808689942018e-18,4.339856937279166e-18,zero
process_probe,noncanonical,,,,0.0045745135229224776,0.9374475618451846,6.035793954483025e-16,0.004574513522922474,1.0,0.9366861979166666,0.9366861979166672,5.551115123125783e-16,-0.0042724609375,-0.0001220703125,0.0042742044433622065,-0.004272460937500002,-0.00012207031250000092,0.004274204443362208,1.734723475976807e-18,1.964321818484476e-18,one
process_probe,noncanonical,,,,0.01344660035255786,0.931678897477713,3.0069521923706965e-16,0.013446600352557809,0.9999999999999999,0.9219970703124999,0.9219970703124999,0.0,0.447998046875,0.08984375,0.45691809924523363,0.44799804687499994,0.08984374999999994,0.4569180992452336,-5.551115123125783e-17,7.850462293418876e-17,plus
process_probe,noncanonical,,,,0.011505346515321077,0.9393032739618404,4.061828255347323e-16,0.011505346515321074,1.0,0.9294433593749998,0.9294433593749996,-2.220446049250313e-16,0.085205078125,-0.4486083984375,0.4566282957580992,0.08520507812499997,-0.4486083984374998,0.456628295758099,-2.220446049250313e-16,2.237726045655905e-16,plus_i
